model,iou,f1,precision,recall,params_m,ms_per_tile,best_epoch
unetpp,0.6537622525107681,0.7906362721647832,0.808080189347679,0.7739296557489753,26.078609,199.8318052616249,29
unet,0.6504198060025083,0.7881870568920133,0.8071153671206404,0.7701263045112081,24.436369,110.52146303951065,26
linknet,0.6486087917646622,0.7868558675735469,0.8032854222821008,0.7710850042840662,21.771937,104.98211821731256,23
deeplabv3plus,0.6418348729002237,0.7818506507145109,0.7981218678721521,0.766229713145906,22.437457,117.50165945818634,24
